Gender;GivenName;Surname;Birthday
female;Olivia;Lloyd;1/30/1986
female;Millie;Clarke;4/22/1981
male;Normand;Bazin;4/2/1971
male;Zelmar;Ortega;7/21/1978
female;Alessia;Zambrano;5/14/1966
male;Luano;Saavedra;1/1/1993
male;Robert;Thorpe;12/29/1977
male;Maik Benjamin Callum;Seiler;6/29/1973
male;Menajem Freddie;Uribe;11/16/1967
male;Andrew;Slater;7/23/1991
female;Katrin;Fuerst;7/17/1979
male;Odilón Amiel;Correa;4/30/1971
male;Mike;Gruenewald;4/7/1981
female;Jessika;Urner;4/10/1989
male;Nolberto;Brito;9/11/1969
male;Lukas Sidney Harrison;Hoffmann;4/30/1993
male;Jonathan;Bevan;7/1/1974
female;Henriette;Fresne;5/19/1983
male;John;Adams;4/2/1984
male;Javier Bailey Varden;Flamand;12/19/1977
male;Wyatt René;Caouette;7/19/1978
male;Ozias;Pulido;4/19/1980
female;Anke;Ziegler;4/18/1978
female;Marcelle Mandy;Deslauriers;3/6/1966
female;Rachel;Fry;9/30/1979
male;Hullen;Porras;5/23/1989
female;Pénélope;Barrientos;7/24/1974
male;Aurele;Domínguez;2/15/1981
male;Pericles Theo;Calvillo;9/9/1976
female;Christine;Gerste;4/25/1990
male;Jonathan Varden;Nixon;10/29/1981
male;Herminio;Zúñiga;9/28/1986
female;Kristin;Reinhard;3/6/1988
male;Aaron;Conway;4/8/1985
female;Mercedes Maisie;Paredes;12/6/1992
male;Philipp Gaudencio Lewis;Unger;5/3/1991
male;Evan;Lloyd;4/10/1988
male;Adam Prinio;Bartlett;11/29/1973
male;Malagigi;Marceau;10/26/1990
female;Rebecca Lily Christina;Glover;4/14/1993
male;Homero;Veliz;12/3/1983
male;Gabriel Thiery;Welch;7/8/1991
female;Rachel Brunella Zara;Norman;6/24/1980
male;Florian;Wolf;1/22/1982
female;Quinta;Huerta;9/29/1967
female;Demi Begga Sabrina;Thomas;11/28/1964
male;Otniel;Quiñones;7/8/1981
male;Benjamin;Eichelberger;5/10/1986
female;Mignonette Birgit;Sylvain;2/13/1993
female;Jacqueline;Marcheterre;7/19/1991
male;Agenor;Pagan;8/22/1971
male;Théophile Ordoño;Majory;5/13/1969
female;Marina;Fenstermacher;3/29/1989
female;Francesca;Waters;6/8/1964
male;Mathias;Frei;3/2/1973
male;Michael;Sankt;11/12/1992
male;Sven;Barth;11/4/1988
female;Vedette Katrin;Laux;5/24/1985
female;Holly;Andrews;3/9/1966
female;Verbena;Chacón;3/4/1971
female;Holly;Cross;11/16/1978
female;Laura Rosie;Thorpe;10/31/1976
male;Dylan;Swift;10/18/1981
female;Claudia Juliane;Gruenewald;8/13/1981
female;Daisy Menna Eleonora;Gibbs;4/2/1978
male;Brandon;Mann;3/19/1988
male;Alexander;Eggers;9/9/1969
male;Riley;Mitchell;1/30/1968
male;Daniel;Diederich;5/4/1978
female;Ursula;Fisher;2/21/1981
male;Delmar Luca;Duplessis;9/27/1967
male;Benjamin;Vogt;12/17/1966
male;Felix;Biermann;4/5/1967
female;Raphaela Phoebe;Roldán;12/15/1979
female;Tatiana;Aguilera;7/7/1980
female;Milca Kate;Jasso;5/18/1973
female;Amber;Bler;10/6/1974
male;Matthias;Naumann;1/7/1988
male;Nazario;Valentín;11/1/1990
female;Cirila;Medrano;10/31/1983
female;Rachel;Vaughan;1/28/1990
male;Tarsicio;Ybarra;9/29/1967
male;Peter;Mireles;12/13/1963
female;Tanja Sabrina Imogen;Kuhn;2/11/1969
male;Dieter Flavio Daniel;Dresner;10/4/1982
male;Algernon;Bergeron;9/8/1971
female;Katharina Vanessa;Vogt;6/27/1974
male;Ganelon;Guernon;11/24/1966
male;Michael;Kaestner;4/17/1981
female;Sophia;Schweitzer;6/27/1993
male;Daniel Seneca;Barjavel;11/6/1968
male;Matthias;Scherer;1/1/1969
female;Onelia;Cano;12/30/1966
male;Michael;Gaertner;11/14/1991
male;Édouard Friedrich Alucio;Chauvin;8/25/1972
female;Uta;Achen;11/21/1985
female;Ella;West;12/16/1967
male;Fulco;Covas;9/25/1963
female;Mandy Martina;Herzog;12/28/1991
female;Ivana;Cisneros;3/21/1967
